{"cameraMode":{"drawMode":0,"name":"Shaded","section":"Shading Mode"},"sceneLighting":false,"audioPlay":false,"sceneViewState":{"showFog":true,"showMaterialUpdate":false,"showSkybox":false,"showFlares":true,"showImageEffects":true,"showParticleSystems":true},"in2DMode":false,"pivot":{"x":-6.823951721191406,"y":20.612627029418947,"z":10.211511611938477},"rotation":{"x":-0.02909259870648384,"y":-0.9711416363716126,"z":0.1649882048368454,"w":-0.17034761607646943},"size":3.2757809162139894,"orthographic":false}