{"cameraMode":{"drawMode":0,"name":"Shaded","section":"Shading Mode"},"sceneLighting":false,"audioPlay":false,"sceneViewState":{"showFog":true,"showMaterialUpdate":true,"showSkybox":false,"showFlares":true,"showImageEffects":true,"showParticleSystems":true},"in2DMode":false,"pivot":{"x":-13.265608787536621,"y":13.792379379272461,"z":-11.431852340698243},"rotation":{"x":0.1800326108932495,"y":-0.6237438917160034,"z":0.17808951437473298,"w":0.7410549521446228},"size":4.799261093139648,"orthographic":false}