{"cameraMode":{"drawMode":0,"name":"Shaded","section":"Shading Mode"},"sceneLighting":false,"audioPlay":false,"sceneViewState":{"showFog":true,"showMaterialUpdate":false,"showSkybox":false,"showFlares":true,"showImageEffects":true,"showParticleSystems":true},"in2DMode":false,"pivot":{"x":-2.9434428215026857,"y":-4.525186061859131,"z":13.24891471862793},"rotation":{"x":0.18525776267051698,"y":-0.22335585951805116,"z":0.04328059405088425,"w":0.9560757279396057},"size":22.255781173706056,"orthographic":false}