{"cameraMode":{"drawMode":0,"name":"Shaded","section":"Shading Mode"},"sceneLighting":false,"audioPlay":false,"sceneViewState":{"showFog":true,"showMaterialUpdate":false,"showSkybox":false,"showFlares":true,"showImageEffects":true,"showParticleSystems":true},"in2DMode":false,"pivot":{"x":-10.66661262512207,"y":13.623876571655274,"z":-2.837573766708374},"rotation":{"x":-0.08673124760389328,"y":0.7228822708129883,"z":0.0947028249502182,"w":0.6797430515289307},"size":3.8048155307769777,"orthographic":false}