{"cameraMode":{"drawMode":0,"name":"Shaded","section":"Shading Mode"},"sceneLighting":false,"audioPlay":false,"sceneViewState":{"showFog":true,"showMaterialUpdate":false,"showSkybox":false,"showFlares":true,"showImageEffects":true,"showParticleSystems":true},"in2DMode":false,"pivot":{"x":90.51696014404297,"y":-5.664793968200684,"z":-10.39107894897461},"rotation":{"x":-0.07047934085130692,"y":0.9288504719734192,"z":-0.23495464026927949,"w":-0.27784720063209536},"size":29.864891052246095,"orthographic":false}