{"cameraMode":{"drawMode":0,"name":"Shaded","section":"Shading Mode"},"sceneLighting":false,"audioPlay":false,"sceneViewState":{"showFog":true,"showMaterialUpdate":false,"showSkybox":false,"showFlares":true,"showImageEffects":true,"showParticleSystems":true},"in2DMode":false,"pivot":{"x":-14.373109817504883,"y":-1.074582815170288,"z":4.281911373138428},"rotation":{"x":-0.4056052565574646,"y":0.05761054530739784,"z":-0.026601305231451989,"w":-0.9120849967002869},"size":34.741092681884769,"orthographic":false}