{"cameraMode":{"drawMode":0,"name":"Shaded","section":"Shading Mode"},"sceneLighting":true,"audioPlay":false,"sceneViewState":{"showFog":true,"showMaterialUpdate":true,"showSkybox":true,"showFlares":true,"showImageEffects":true,"showParticleSystems":true},"in2DMode":false,"pivot":{"x":48.68582534790039,"y":-4.571510314941406,"z":43.870052337646487},"rotation":{"x":-0.3414021134376526,"y":-0.4593925178050995,"z":0.16942374408245088,"w":-0.8039456605911255},"size":60.41682815551758,"orthographic":false}