{"cameraMode":{"drawMode":0,"name":"Shaded","section":"Shading Mode"},"sceneLighting":false,"audioPlay":false,"sceneViewState":{"showFog":true,"showMaterialUpdate":false,"showSkybox":false,"showFlares":true,"showImageEffects":true,"showParticleSystems":true},"in2DMode":false,"pivot":{"x":24.918914794921876,"y":1.5731201171875,"z":26.24603271484375},"rotation":{"x":-0.28982195258140566,"y":0.3460247218608856,"z":-0.1136849969625473,"w":-0.8853638172149658},"size":650.7640380859375,"orthographic":false}