{"cameraMode":{"drawMode":0,"name":"Shaded","section":"Shading Mode"},"sceneLighting":false,"audioPlay":false,"sceneViewState":{"showFog":true,"showMaterialUpdate":true,"showSkybox":false,"showFlares":true,"showImageEffects":true,"showParticleSystems":true},"in2DMode":false,"pivot":{"x":1929.209716796875,"y":224.00006103515626,"z":-9.279998779296875},"rotation":{"x":0.22185160219669343,"y":0.7960354089736939,"z":-0.3495729863643646,"w":0.4438958466053009},"size":11807.9111328125,"orthographic":false}