{"cameraMode":{"drawMode":0,"name":"Shaded","section":"Shading Mode"},"sceneLighting":false,"audioPlay":false,"sceneViewState":{"showFog":true,"showMaterialUpdate":true,"showSkybox":false,"showFlares":true,"showImageEffects":true,"showParticleSystems":true},"in2DMode":false,"pivot":{"x":-13.123984336853028,"y":19.816913604736329,"z":-21.023656845092775},"rotation":{"x":0.013323942199349404,"y":0.9933100342750549,"z":0.10728353261947632,"w":-0.06858205050230026},"size":31.662128448486329,"orthographic":false}