{"cameraMode":{"drawMode":0,"name":"Shaded","section":"Shading Mode"},"sceneLighting":false,"audioPlay":false,"sceneViewState":{"showFog":true,"showMaterialUpdate":false,"showSkybox":false,"showFlares":true,"showImageEffects":true,"showParticleSystems":true},"in2DMode":false,"pivot":{"x":-14.274117469787598,"y":13.987886428833008,"z":-18.154502868652345},"rotation":{"x":-0.02071007713675499,"y":0.9019830822944641,"z":-0.04696536809206009,"w":-0.42956915497779848},"size":6.795225620269775,"orthographic":false}