{"cameraMode":{"drawMode":0,"name":"Shaded","section":"Shading Mode"},"sceneLighting":false,"audioPlay":false,"sceneViewState":{"showFog":true,"showMaterialUpdate":false,"showSkybox":false,"showFlares":true,"showImageEffects":true,"showParticleSystems":true},"in2DMode":false,"pivot":{"x":475.0005798339844,"y":403.0064697265625,"z":159.827880859375},"rotation":{"x":0.02100599929690361,"y":0.045697376132011417,"z":0.0004995579365640879,"w":-0.9990034103393555},"size":527.6594848632813,"orthographic":false}