{"cameraMode":{"drawMode":0,"name":"Shaded","section":"Shading Mode"},"sceneLighting":false,"audioPlay":false,"sceneViewState":{"showFog":true,"showMaterialUpdate":true,"showSkybox":false,"showFlares":true,"showImageEffects":true,"showParticleSystems":true},"in2DMode":false,"pivot":{"x":-14.926694869995118,"y":12.080066680908204,"z":-4.945425510406494},"rotation":{"x":0.16457319259643556,"y":-0.6220006942749023,"z":0.16274327039718629,"w":0.7495949268341065},"size":3.706624984741211,"orthographic":false}