{"cameraMode":{"drawMode":0,"name":"Shaded","section":"Shading Mode"},"sceneLighting":false,"audioPlay":false,"sceneViewState":{"showFog":true,"showMaterialUpdate":false,"showSkybox":false,"showFlares":true,"showImageEffects":true,"showParticleSystems":true},"in2DMode":false,"pivot":{"x":-16.73617172241211,"y":12.998098373413086,"z":-16.861433029174806},"rotation":{"x":-0.0006086199427954853,"y":0.9935404062271118,"z":-0.11379384994506836,"w":-0.02212969958782196},"size":2.7908096313476564,"orthographic":false}