{"cameraMode":{"drawMode":0,"name":"Shaded","section":"Shading Mode"},"sceneLighting":false,"audioPlay":false,"sceneViewState":{"showFog":true,"showMaterialUpdate":false,"showSkybox":false,"showFlares":true,"showImageEffects":true,"showParticleSystems":true},"in2DMode":false,"pivot":{"x":-23.676971435546876,"y":2.787034749984741,"z":-23.066831588745118},"rotation":{"x":-0.07121310383081436,"y":-0.6706439256668091,"z":0.06331038475036621,"w":-0.7360169887542725},"size":16.78005599975586,"orthographic":false}