{"cameraMode":{"drawMode":0,"name":"Shaded","section":"Shading Mode"},"sceneLighting":false,"audioPlay":false,"sceneViewState":{"showFog":true,"showMaterialUpdate":false,"showSkybox":false,"showFlares":true,"showImageEffects":true,"showParticleSystems":true},"in2DMode":false,"pivot":{"x":0.0000025825029297266157,"y":0.00001016023634292651,"z":0.000008646729838801548},"rotation":{"x":-0.09362945705652237,"y":0.8588167428970337,"z":0.1686771661043167,"w":0.4749278426170349},"size":0.00005715767838410102,"orthographic":false}