{"cameraMode":{"drawMode":0,"name":"Shaded","section":"Shading Mode"},"sceneLighting":false,"audioPlay":false,"sceneViewState":{"showFog":true,"showMaterialUpdate":false,"showSkybox":false,"showFlares":true,"showImageEffects":true,"showParticleSystems":true},"in2DMode":false,"pivot":{"x":492.62750244140627,"y":337.9848937988281,"z":376.90020751953127},"rotation":{"x":0.019500479102134706,"y":-0.011290294118225575,"z":-0.0006839620182290673,"w":-1.0000187158584595},"size":527.6594848632813,"orthographic":false}