{"cameraMode":{"drawMode":0,"name":"Shaded","section":"Shading Mode"},"sceneLighting":false,"audioPlay":false,"sceneViewState":{"showFog":true,"showMaterialUpdate":true,"showSkybox":false,"showFlares":true,"showImageEffects":true,"showParticleSystems":true},"in2DMode":false,"pivot":{"x":13.816169738769532,"y":9.272686004638672,"z":-9.176222801208496},"rotation":{"x":-0.05513874068856239,"y":-0.6013637781143189,"z":0.016562193632125856,"w":-0.7977442145347595},"size":34.92838668823242,"orthographic":false}