{"cameraMode":{"drawMode":0,"name":"Shaded","section":"Shading Mode"},"sceneLighting":false,"audioPlay":false,"sceneViewState":{"showFog":true,"showMaterialUpdate":true,"showSkybox":false,"showFlares":true,"showImageEffects":true,"showParticleSystems":true},"in2DMode":false,"pivot":{"x":43.06708908081055,"y":12.711771011352539,"z":48.4666862487793},"rotation":{"x":0.011432487517595292,"y":-0.9029870629310608,"z":0.03781512379646301,"w":0.43139106035232546},"size":25.769664764404298,"orthographic":false}