{"cameraMode":{"drawMode":0,"name":"Shaded","section":"Shading Mode"},"sceneLighting":false,"audioPlay":false,"sceneViewState":{"showFog":true,"showMaterialUpdate":false,"showSkybox":false,"showFlares":true,"showImageEffects":true,"showParticleSystems":true},"in2DMode":false,"pivot":{"x":-0.09860111773014069,"y":0.33302512764930727,"z":-0.08531713485717774},"rotation":{"x":-0.004388812463730574,"y":-0.990744948387146,"z":0.0315043143928051,"w":-0.1327158808708191},"size":0.7776040434837341,"orthographic":false}