{"cameraMode":{"drawMode":0,"name":"Shaded","section":"Shading Mode"},"sceneLighting":false,"audioPlay":false,"sceneViewState":{"showFog":true,"showMaterialUpdate":false,"showSkybox":false,"showFlares":true,"showImageEffects":true,"showParticleSystems":true},"in2DMode":false,"pivot":{"x":-23.46356201171875,"y":0.9020302891731262,"z":-6.105828285217285},"rotation":{"x":0.03962498530745506,"y":0.032182253897190097,"z":-0.00001638749017729424,"w":-0.9989863038063049},"size":16.78005599975586,"orthographic":false}