{"cameraMode":{"drawMode":0,"name":"Shaded","section":"Shading Mode"},"sceneLighting":false,"audioPlay":false,"sceneViewState":{"showFog":true,"showMaterialUpdate":false,"showSkybox":false,"showFlares":true,"showImageEffects":true,"showParticleSystems":true},"in2DMode":false,"pivot":{"x":-5.449999809265137,"y":18.100000381469728,"z":-5.309999942779541},"rotation":{"x":-0.2729361951351166,"y":-0.701382577419281,"z":0.3387487232685089,"w":-0.5648784637451172},"size":0.2857876718044281,"orthographic":false}