{"cameraMode":{"drawMode":0,"name":"Shaded","section":"Shading Mode"},"sceneLighting":false,"audioPlay":false,"sceneViewState":{"showFog":true,"showMaterialUpdate":true,"showSkybox":false,"showFlares":true,"showImageEffects":true,"showParticleSystems":true},"in2DMode":false,"pivot":{"x":48.30469512939453,"y":10.069164276123047,"z":38.918094635009769},"rotation":{"x":0.01011400856077671,"y":-0.9786076545715332,"z":0.07757605612277985,"w":0.19811929762363435},"size":29.531070709228517,"orthographic":false}