{"cameraMode":{"drawMode":0,"name":"Shaded","section":"Shading Mode"},"sceneLighting":false,"audioPlay":false,"sceneViewState":{"showFog":true,"showMaterialUpdate":false,"showSkybox":false,"showFlares":true,"showImageEffects":true,"showParticleSystems":true},"in2DMode":false,"pivot":{"x":-13.529999732971192,"y":16.739999771118165,"z":-4.449999809265137},"rotation":{"x":-0.34834718704223635,"y":-0.31358498334884646,"z":0.12458216398954392,"w":-0.8747093677520752},"size":34.90977096557617,"orthographic":false}