{"cameraMode":{"drawMode":0,"name":"Shaded","section":"Shading Mode"},"sceneLighting":false,"audioPlay":false,"sceneViewState":{"showFog":true,"showMaterialUpdate":false,"showSkybox":false,"showFlares":true,"showImageEffects":true,"showParticleSystems":true},"in2DMode":false,"pivot":{"x":3.8937435150146486,"y":31.739835739135743,"z":10.750603675842286},"rotation":{"x":0.005447234492748976,"y":-0.6266010403633118,"z":-0.0046993400901556019,"w":-0.7794702053070068},"size":26.1976261138916,"orthographic":false}