{"cameraMode":{"drawMode":0,"name":"Shaded","section":"Shading Mode"},"sceneLighting":false,"audioPlay":false,"sceneViewState":{"showFog":true,"showMaterialUpdate":false,"showSkybox":false,"showFlares":true,"showImageEffects":true,"showParticleSystems":true},"in2DMode":false,"pivot":{"x":-42.10414505004883,"y":-0.4890338182449341,"z":-14.233904838562012},"rotation":{"x":-0.014127170667052269,"y":0.5262744426727295,"z":-0.010239691473543644,"w":-0.8504762053489685},"size":18.283449172973634,"orthographic":false}