{"cameraMode":{"drawMode":0,"name":"Shaded","section":"Shading Mode"},"sceneLighting":false,"audioPlay":false,"sceneViewState":{"showFog":false,"showMaterialUpdate":false,"showSkybox":false,"showFlares":false,"showImageEffects":false,"showParticleSystems":true},"in2DMode":false,"pivot":{"x":356.46832275390627,"y":114.966064453125,"z":520.9483642578125},"rotation":{"x":0.11683809757232666,"y":0.06151716038584709,"z":-0.007522565312683582,"w":0.9915599822998047},"size":1014.6676635742188,"orthographic":false}