{"cameraMode":{"drawMode":0,"name":"Shaded","section":"Shading Mode"},"sceneLighting":false,"audioPlay":false,"sceneViewState":{"showFog":false,"showMaterialUpdate":false,"showSkybox":false,"showFlares":false,"showImageEffects":false,"showParticleSystems":true},"in2DMode":false,"pivot":{"x":-26.723739624023439,"y":-0.03144794702529907,"z":-15.251611709594727},"rotation":{"x":0.1369839906692505,"y":-0.11511491239070893,"z":0.015783049166202546,"w":0.9838902950286865},"size":4.758038520812988,"orthographic":false}