{"cameraMode":{"drawMode":0,"name":"Shaded","section":"Shading Mode"},"sceneLighting":false,"audioPlay":false,"sceneViewState":{"showFog":true,"showMaterialUpdate":true,"showSkybox":false,"showFlares":true,"showImageEffects":true,"showParticleSystems":true},"in2DMode":false,"pivot":{"x":-1.568731665611267,"y":17.648326873779298,"z":-4.1944169998168949},"rotation":{"x":-0.018163153901696206,"y":0.8265259861946106,"z":0.02755822241306305,"w":0.5622881054878235},"size":4.382131099700928,"orthographic":false}