{"cameraMode":{"drawMode":0,"name":"Shaded","section":"Shading Mode"},"sceneLighting":true,"audioPlay":false,"sceneViewState":{"showFog":true,"showMaterialUpdate":true,"showSkybox":true,"showFlares":true,"showImageEffects":true,"showParticleSystems":true},"in2DMode":false,"pivot":{"x":-2.2504239082336427,"y":18.81619644165039,"z":-2.8345203399658205},"rotation":{"x":0.282229483127594,"y":0.12545734643936158,"z":-0.019714612513780595,"w":0.9511002898216248},"size":26.235408782958986,"orthographic":false}