{"cameraMode":{"drawMode":0,"name":"Shaded","section":"Shading Mode"},"sceneLighting":false,"audioPlay":false,"sceneViewState":{"showFog":true,"showMaterialUpdate":true,"showSkybox":false,"showFlares":true,"showImageEffects":true,"showParticleSystems":true},"in2DMode":false,"pivot":{"x":-7.7241058349609379,"y":21.3654842376709,"z":7.571946620941162},"rotation":{"x":-0.02426893264055252,"y":-0.990838885307312,"z":0.11217769980430603,"w":-0.08298846334218979},"size":3.624717950820923,"orthographic":false}