{"cameraMode":{"drawMode":0,"name":"Shaded","section":"Shading Mode"},"sceneLighting":false,"audioPlay":false,"sceneViewState":{"showFog":false,"showMaterialUpdate":false,"showSkybox":false,"showFlares":false,"showImageEffects":false,"showParticleSystems":true},"in2DMode":false,"pivot":{"x":-18.68464469909668,"y":4.356736183166504,"z":-31.386720657348634},"rotation":{"x":0.12411274760961533,"y":-0.17271649837493897,"z":0.021688293665647508,"w":0.9770370721817017},"size":3.2920265197753908,"orthographic":false}