{"cameraMode":{"drawMode":0,"name":"Shaded","section":"Shading Mode"},"sceneLighting":false,"audioPlay":false,"sceneViewState":{"showFog":false,"showMaterialUpdate":false,"showSkybox":false,"showFlares":false,"showImageEffects":false,"showParticleSystems":true},"in2DMode":false,"pivot":{"x":-28.78529930114746,"y":1.712620496749878,"z":-17.44301986694336},"rotation":{"x":0.1180194541811943,"y":-0.5548636317253113,"z":0.07958614081144333,"w":0.8198598623275757},"size":12.90816879272461,"orthographic":false}