{"cameraMode":{"drawMode":0,"name":"Shaded","section":"Shading Mode"},"sceneLighting":false,"audioPlay":false,"sceneViewState":{"showFog":false,"showMaterialUpdate":false,"showSkybox":false,"showFlares":false,"showImageEffects":false,"showParticleSystems":true},"in2DMode":false,"pivot":{"x":101.91242980957031,"y":-5.189814567565918,"z":-80.15753936767578},"rotation":{"x":0.06319458782672882,"y":-0.005469024181365967,"z":0.0186957735568285,"w":0.9989906549453735},"size":73.58032989501953,"orthographic":false}