{"cameraMode":{"drawMode":0,"name":"Shaded","section":"Shading Mode"},"sceneLighting":false,"audioPlay":false,"sceneViewState":{"showFog":false,"showMaterialUpdate":false,"showSkybox":false,"showFlares":false,"showImageEffects":false,"showParticleSystems":true},"in2DMode":false,"pivot":{"x":183.6561737060547,"y":20.8690185546875,"z":240.15658569335938},"rotation":{"x":-0.0049148015677928928,"y":0.12204330414533615,"z":0.019116243347525598,"w":0.9935140013694763},"size":401.2620849609375,"orthographic":false}