{"cameraMode":{"drawMode":0,"name":"Shaded","section":"Shading Mode"},"sceneLighting":false,"audioPlay":false,"sceneViewState":{"showFog":true,"showMaterialUpdate":true,"showSkybox":false,"showFlares":true,"showImageEffects":true,"showParticleSystems":true},"in2DMode":false,"pivot":{"x":1.9335765838623047,"y":-1.0628392696380616,"z":-0.7250122427940369},"rotation":{"x":0.09323057532310486,"y":0.7953727841377258,"z":-0.12617193162441255,"w":0.5858012437820435},"size":3.436938524246216,"orthographic":false}