{"cameraMode":{"drawMode":0,"name":"Shaded","section":"Shading Mode"},"sceneLighting":false,"audioPlay":false,"sceneViewState":{"showFog":false,"showMaterialUpdate":false,"showSkybox":false,"showFlares":false,"showImageEffects":false,"showParticleSystems":true},"in2DMode":false,"pivot":{"x":-5.83657169342041,"y":-0.15332436561584474,"z":-4.44874906539917},"rotation":{"x":0.09206893295049668,"y":-0.433910608291626,"z":0.044248778373003009,"w":0.8953462839126587},"size":4.266961574554443,"orthographic":false}