{"cameraMode":{"drawMode":0,"name":"Shaded","section":"Shading Mode"},"sceneLighting":false,"audioPlay":false,"sceneViewState":{"showFog":false,"showMaterialUpdate":false,"showSkybox":false,"showFlares":false,"showImageEffects":false,"showParticleSystems":true},"in2DMode":false,"pivot":{"x":0.5112993717193604,"y":0.8387991786003113,"z":-2.8441014289855959},"rotation":{"x":0.19855056703090669,"y":-0.10365708917379379,"z":0.021072836592793466,"w":0.9746633768081665},"size":0.00005715767838410102,"orthographic":false}