{"cameraMode":{"drawMode":0,"name":"Shaded","section":"Shading Mode"},"sceneLighting":false,"audioPlay":false,"sceneViewState":{"showFog":true,"showMaterialUpdate":true,"showSkybox":false,"showFlares":true,"showImageEffects":true,"showParticleSystems":true},"in2DMode":false,"pivot":{"x":-3.0305917263031008,"y":1.6532526016235352,"z":-0.07907533645629883},"rotation":{"x":-0.1772097796201706,"y":-0.06728380918502808,"z":0.011519534513354302,"w":-0.9819727540016174},"size":5.018143653869629,"orthographic":false}