{"cameraMode":{"drawMode":0,"name":"Shaded","section":"Shading Mode"},"sceneLighting":false,"audioPlay":false,"sceneViewState":{"showFog":false,"showMaterialUpdate":false,"showSkybox":false,"showFlares":false,"showImageEffects":false,"showParticleSystems":true},"in2DMode":false,"pivot":{"x":-9.805272102355957,"y":1.6485543251037598,"z":-0.5877229571342468},"rotation":{"x":0.023787546902894975,"y":0.6703914999961853,"z":-0.01889503002166748,"w":0.7419704794883728},"size":-0.02100348472595215,"orthographic":false}