{"cameraMode":{"drawMode":0,"name":"Shaded","section":"Shading Mode"},"sceneLighting":false,"audioPlay":false,"sceneViewState":{"showFog":true,"showMaterialUpdate":true,"showSkybox":false,"showFlares":true,"showImageEffects":true,"showParticleSystems":true},"in2DMode":false,"pivot":{"x":9.915445327758789,"y":22.871479034423829,"z":10.496421813964844},"rotation":{"x":0.23714566230773927,"y":-0.44846758246421816,"z":0.12531554698944093,"w":0.8527947068214417},"size":5.018143653869629,"orthographic":false}