{"cameraMode":{"drawMode":0,"name":"Shaded","section":"Shading Mode"},"sceneLighting":false,"audioPlay":false,"sceneViewState":{"showFog":false,"showMaterialUpdate":false,"showSkybox":false,"showFlares":false,"showImageEffects":false,"showParticleSystems":true},"in2DMode":false,"pivot":{"x":-21.821422576904298,"y":-1.455043077468872,"z":-14.849884033203125},"rotation":{"x":-0.18942886590957642,"y":-0.6350141763687134,"z":0.16487406194210053,"w":-0.7307434678077698},"size":5.301568984985352,"orthographic":false}