{"cameraMode":{"drawMode":0,"name":"Shaded","section":"Shading Mode"},"sceneLighting":false,"audioPlay":false,"sceneViewState":{"showFog":false,"showMaterialUpdate":false,"showSkybox":false,"showFlares":false,"showImageEffects":false,"showParticleSystems":true},"in2DMode":false,"pivot":{"x":0.8207671642303467,"y":1.026533603668213,"z":0.9910681247711182},"rotation":{"x":-0.029823699966073037,"y":0.8683779239654541,"z":0.06892712414264679,"w":0.4918700158596039},"size":3.066964626312256,"orthographic":false}