{"cameraMode":{"drawMode":0,"name":"Shaded","section":"Shading Mode"},"sceneLighting":false,"audioPlay":false,"sceneViewState":{"showFog":true,"showMaterialUpdate":true,"showSkybox":false,"showFlares":true,"showImageEffects":true,"showParticleSystems":true},"in2DMode":false,"pivot":{"x":-3.5881075859069826,"y":-0.7547610998153687,"z":-3.857619524002075},"rotation":{"x":0.10665937513113022,"y":-0.6343100666999817,"z":-0.08927539736032486,"w":-0.7608529329299927},"size":4.041658401489258,"orthographic":false}