{"cameraMode":{"drawMode":0,"name":"Shaded","section":"Shading Mode"},"sceneLighting":false,"audioPlay":false,"sceneViewState":{"showFog":false,"showMaterialUpdate":false,"showSkybox":false,"showFlares":false,"showImageEffects":false,"showParticleSystems":true},"in2DMode":false,"pivot":{"x":-29.909101486206056,"y":0.35537678003311159,"z":-20.61200523376465},"rotation":{"x":0.1211337000131607,"y":-0.45706817507743838,"z":0.06271165609359741,"w":0.8790836930274963},"size":14.494214057922364,"orthographic":false}