{"cameraMode":{"drawMode":0,"name":"Shaded","section":"Shading Mode"},"sceneLighting":false,"audioPlay":false,"sceneViewState":{"showFog":false,"showMaterialUpdate":false,"showSkybox":false,"showFlares":false,"showImageEffects":false,"showParticleSystems":true},"in2DMode":false,"pivot":{"x":-30.669754028320314,"y":-2.113940477371216,"z":-26.16225814819336},"rotation":{"x":0.019043589010834695,"y":-0.9764958024024963,"z":0.09427263587713242,"w":0.1937081217765808},"size":14.04630184173584,"orthographic":false}