{"cameraMode":{"drawMode":0,"name":"Shaded","section":"Shading Mode"},"sceneLighting":false,"audioPlay":false,"sceneViewState":{"showFog":false,"showMaterialUpdate":false,"showSkybox":false,"showFlares":false,"showImageEffects":false,"showParticleSystems":true},"in2DMode":false,"pivot":{"x":175.0416717529297,"y":22.24040412902832,"z":-6.632049560546875},"rotation":{"x":0.0065943640656769279,"y":0.0159944798797369,"z":0.01836850307881832,"w":1.0008580684661866},"size":501.84356689453127,"orthographic":false}