{"cameraMode":{"drawMode":0,"name":"Shaded","section":"Shading Mode"},"sceneLighting":false,"audioPlay":false,"sceneViewState":{"showFog":false,"showMaterialUpdate":false,"showSkybox":false,"showFlares":false,"showImageEffects":false,"showParticleSystems":true},"in2DMode":false,"pivot":{"x":-30.39971351623535,"y":0.27555060386657717,"z":-14.034987449645996},"rotation":{"x":-0.003355051390826702,"y":0.9966530203819275,"z":-0.0721801295876503,"w":-0.042126160115003589},"size":2.147062301635742,"orthographic":false}