{"cameraMode":{"drawMode":0,"name":"Shaded","section":"Shading Mode"},"sceneLighting":false,"audioPlay":false,"sceneViewState":{"showFog":false,"showMaterialUpdate":false,"showSkybox":false,"showFlares":false,"showImageEffects":false,"showParticleSystems":true},"in2DMode":false,"pivot":{"x":-25.6978816986084,"y":-0.41401147842407229,"z":-13.631988525390625},"rotation":{"x":0.15939022600650788,"y":-0.09706374257802963,"z":0.015499257482588292,"w":0.9824658036231995},"size":16.78005599975586,"orthographic":false}