{"cameraMode":{"drawMode":0,"name":"Shaded","section":"Shading Mode"},"sceneLighting":false,"audioPlay":false,"sceneViewState":{"showFog":false,"showMaterialUpdate":false,"showSkybox":false,"showFlares":false,"showImageEffects":false,"showParticleSystems":true},"in2DMode":false,"pivot":{"x":19.17629623413086,"y":-3.0669827461242677,"z":26.11346435546875},"rotation":{"x":-0.042254891246557239,"y":-0.3247513771057129,"z":0.015353981405496598,"w":-0.9449294209480286},"size":39.28697967529297,"orthographic":false}