{"cameraMode":{"drawMode":0,"name":"Shaded","section":"Shading Mode"},"sceneLighting":false,"audioPlay":false,"sceneViewState":{"showFog":false,"showMaterialUpdate":false,"showSkybox":false,"showFlares":false,"showImageEffects":false,"showParticleSystems":true},"in2DMode":false,"pivot":{"x":1.1546918153762818,"y":-0.3291057348251343,"z":-0.053930483758449557},"rotation":{"x":-0.04684033244848251,"y":-0.7192031741142273,"z":0.04897782579064369,"w":-0.6917545795440674},"size":2.4669642448425295,"orthographic":false}