{"cameraMode":{"drawMode":0,"name":"Shaded","section":"Shading Mode"},"sceneLighting":false,"audioPlay":false,"sceneViewState":{"showFog":false,"showMaterialUpdate":false,"showSkybox":false,"showFlares":false,"showImageEffects":false,"showParticleSystems":true},"in2DMode":false,"pivot":{"x":-27.38105583190918,"y":-0.7994397878646851,"z":-18.06856346130371},"rotation":{"x":0.1369839906692505,"y":-0.11511491239070893,"z":0.015783049166202546,"w":0.9838902950286865},"size":8.075624465942383,"orthographic":false}