{"cameraMode":{"drawMode":0,"name":"Shaded","section":"Shading Mode"},"sceneLighting":false,"audioPlay":false,"sceneViewState":{"showFog":false,"showMaterialUpdate":false,"showSkybox":false,"showFlares":false,"showImageEffects":false,"showParticleSystems":true},"in2DMode":false,"pivot":{"x":-25.452054977416993,"y":0.051841817796230319,"z":-17.64145851135254},"rotation":{"x":-0.21563903987407685,"y":0.4530945122241974,"z":-0.11387863755226135,"w":-0.8576222658157349},"size":3.804185390472412,"orthographic":false}