{"cameraMode":{"drawMode":0,"name":"Shaded","section":"Shading Mode"},"sceneLighting":false,"audioPlay":false,"sceneViewState":{"showFog":false,"showMaterialUpdate":false,"showSkybox":false,"showFlares":false,"showImageEffects":false,"showParticleSystems":true},"in2DMode":false,"pivot":{"x":-11.799954414367676,"y":22.23752212524414,"z":-6.787504196166992},"rotation":{"x":0.19600415229797364,"y":0.5426917672157288,"z":-0.10644558817148209,"w":0.8114809393882752},"size":0.00005715767838410102,"orthographic":false}